Issue,Title,State,Bucket,Native type after triage,Labels,Disposition,URL
6926,Inventory component strings and add localization regression checks,open,research,Task,Affects: Language Support; Affects: Testing; Type: Research; Type: Spike,keep,https://github.com/uswds/uswds/issues/6926
6925,Build an automated accessibility release gate with real screen-reader coverage,open,maintenance,Task,Affects: Accessibility 🟡; Affects: Automation; Affects: Testing,keep,https://github.com/uswds/uswds/issues/6925
6924,Automate the release pipeline for continuous delivery,open,maintenance,Task,Affects: Automation; Affects: Build,keep,https://github.com/uswds/uswds/issues/6924
6900,Spacing scale audit: 11 literal spacing values off your own token scale,open,maintenance,Task,Context: Sass; Needs: Discussion; Package: Tokens,keep,https://github.com/uswds/uswds/issues/6900
6895,Refactor Date Picker component,open,maintenance,Task,Affects: Accessibility 🟡; Affects: Usability; Context: JavaScript; Needs: Refinement; Package: Date Picker,keep,https://github.com/uswds/uswds/issues/6895
6881,USWDS - Code Review: Add review digest tool,open,maintenance,Task,Affects: AI; Affects: Automation,keep,https://github.com/uswds/uswds/issues/6881
6871,"USWDS - Build: Add root ""type"": ""module"" to package.json (optional)",open,maintenance,Task,Affects: Build; Context: JavaScript; Help wanted; Modernization,keep,https://github.com/uswds/uswds/issues/6871
6870,USWDS - Build: Rename Node-side CommonJS tooling files to .cjs (optional),open,maintenance,Task,Affects: Build; Context: JavaScript; Help wanted; Modernization,keep,https://github.com/uswds/uswds/issues/6870
6869,"USWDS - JS: Migration cleanup -- delete the Storybook CJS-to-ESM transform plugin, tighten lint rules, fix stale docs",open,maintenance,Task,Affects: Build; Affects: Documentation; Context: JavaScript; Help wanted; Modernization,keep,https://github.com/uswds/uswds/issues/6869
6868,"USWDS - JS: Convert uswds-core's leaf utilities to ESM, part 2 of 2",open,maintenance,Task,Context: JavaScript; Help wanted; Modernization,keep,https://github.com/uswds/uswds/issues/6868
6867,"USWDS - JS: Convert uswds-core's leaf utilities to ESM, part 1 of 2",open,maintenance,Task,Affects: Build; Context: JavaScript; Help wanted; Modernization,keep,https://github.com/uswds/uswds/issues/6867
6866,USWDS - JS: Convert config.js and events.js to ESM (with named exports),open,maintenance,Task,Context: JavaScript; Help wanted; Modernization,keep,https://github.com/uswds/uswds/issues/6866
6865,"USWDS - JS: Convert uswds-core's shared utilities (focus-trap, select-or-matches, toggle-form-input, validate-input) to ESM",open,maintenance,Task,Context: JavaScript; Help wanted; Modernization,keep,https://github.com/uswds/uswds/issues/6865
6864,USWDS - JS: Convert usa-skipnav and usa-table to ESM,open,maintenance,Task,Affects: Build; Context: JavaScript; Help wanted; Modernization,keep,https://github.com/uswds/uswds/issues/6864
6863,"USWDS - JS: Convert usa-character-count, usa-footer, and usa-search to ESM",open,maintenance,Task,Context: JavaScript; Help wanted; Modernization; Package: Character count; Package: Footer; Package: Search,keep,https://github.com/uswds/uswds/issues/6863
6862,"USWDS - JS: Convert usa-accordion, usa-banner, and usa-button to ESM",open,maintenance,Task,Context: JavaScript; Help wanted; Modernization; Package: Accordion; Package: Banner; Package: Button,keep,https://github.com/uswds/uswds/issues/6862
6861,"USWDS - JS: Convert usa-range, usa-tooltip, and usa-validation to ESM",open,maintenance,Task,Affects: Build; Context: JavaScript; Help wanted; Modernization,keep,https://github.com/uswds/uswds/issues/6861
6860,USWDS - JS: Convert usa-input-mask and usa-language-selector to ESM,open,maintenance,Task,Context: JavaScript; Help wanted; Modernization; Package: Input mask; Package: Language selector,keep,https://github.com/uswds/uswds/issues/6860
6859,"USWDS - JS: Convert usa-password, usa-file-input, and usa-in-page-navigation to ESM",open,maintenance,Task,Context: JavaScript; Help wanted; Modernization; Package: File Input; Package: In-page navigation,keep,https://github.com/uswds/uswds/issues/6859
6858,"USWDS - JS: Convert usa-header to ESM, and usa-nav's spec files",open,maintenance,Task,Affects: Build; Context: JavaScript; Help wanted; Modernization,keep,https://github.com/uswds/uswds/issues/6858
6857,USWDS - JS: Convert usa-combo-box and usa-modal to ESM,open,maintenance,Task,Context: JavaScript; Help wanted; Modernization; Package: Combo Box; Package: Modal,keep,https://github.com/uswds/uswds/issues/6857
6856,USWDS - JS: Convert usa-date-picker to ESM,open,maintenance,Task,Context: JavaScript; Help wanted; Modernization; Package: Date Picker,keep,https://github.com/uswds/uswds/issues/6856
6855,USWDS - JS: Convert usa-time-picker to ESM,open,maintenance,Task,Affects: Build; Context: JavaScript; Help wanted; Modernization,keep,https://github.com/uswds/uswds/issues/6855
6854,USWDS - JS: Convert usa-date-range-picker to ESM,open,maintenance,Task,Context: JavaScript; Help wanted; Modernization; Package: Date Range Picker,keep,https://github.com/uswds/uswds/issues/6854
6853,USWDS - JS: Convert start.js and the component barrel to ESM,open,maintenance,Task,Context: JavaScript; Help wanted; Modernization,keep,https://github.com/uswds/uswds/issues/6853
6852,USWDS - JS: Repoint package exports off raw source to built artifacts,open,maintenance,Task,Affects: Build; Context: JavaScript; Help wanted; Modernization,keep,https://github.com/uswds/uswds/issues/6852
6851,"USWDS - Build: Emit per-component CommonJS build artifacts (additive, nothing repointed yet)",open,maintenance,Task,Affects: Build; Context: JavaScript; Help wanted; Modernization,keep,https://github.com/uswds/uswds/issues/6851
6850,USWDS - Build: Replace browserify with Rollup for the JS bundle (source stays CommonJS),open,maintenance,Task,Affects: Build; Context: JavaScript; Help wanted; Modernization,keep,https://github.com/uswds/uswds/issues/6850
6849,USWDS - JS: Add ESLint rules that can detect CommonJS/ESM mistakes,open,maintenance,Task,Affects: Build; Context: JavaScript; Help wanted; Modernization,keep,https://github.com/uswds/uswds/issues/6849
6847,USWDS - JS: Add a behavioral characterization test for the built JS bundle,open,maintenance,Task,Affects: Build; Affects: Testing; Context: JavaScript; Help wanted; Modernization,keep,https://github.com/uswds/uswds/issues/6847
6846,"USWDS - JS: Tooling hygiene ahead of the ESM migration (npm ci in CI, dead specs, lint scope, spec-count floor)",open,maintenance,Task,Affects: Build; Affects: Testing; Context: JavaScript; Help wanted; Modernization,keep,https://github.com/uswds/uswds/issues/6846
6845,USWDS - JS: Migrate CommonJS to ECMAScript Modules (Stage 1: zero consumer-visible change),open,maintenance,Task,Affects: Build; Context: JavaScript; Help wanted; Modernization,keep,https://github.com/uswds/uswds/issues/6845
6839,USWDS - code review skill refresh,open,maintenance,Task,Affects: AI; Needs: Refinement,keep,https://github.com/uswds/uswds/issues/6839
6835,USWDS - Feature: Consider an implementation-context example for modal accessibility testing,open,documentation,Enhancement,Affects: Accessibility 🟡; Affects: Documentation; Affects: Guidance; Needs: Discussion; Package: Modal; Type: Feature Request,keep,https://github.com/uswds/uswds/issues/6835
6830,USWDS - Bug: Modal and header leave the page aria-hidden after teardown,open,bug,Bug,Affects: Accessibility 🟡; Context: JavaScript; Package: Header; Package: Modal,Reproduced; fix remains open,https://github.com/uswds/uswds/issues/6830
6815,USWDS - Bug: VoiceOver skips over Step Indicator bar when there are no labels,open,bug,Bug,Affects: Accessibility 🟡; Context: VoiceOver (VO); Needs: Confirmation; Package: Step Indicator,Named platform or environment needed,https://github.com/uswds/uswds/issues/6815
6812,Migrate release-prep runbook from workflow header comment to wiki,open,documentation,Task,Affects: Documentation; Affects: Guidance,keep,https://github.com/uswds/uswds/issues/6812
6808,"USWDS - select.js rejects ShadowRoot context, breaking accordion (and other components) init inside shadow DOM",open,bug,Bug,Affects: Functionality; Context: JavaScript; Package: Accordion,Fix proposed: [#6941](https://github.com/uswds/uswds/pull/6941),https://github.com/uswds/uswds/issues/6808
6803,Audit the use of WAI-ARIA roles across USWDS,open,research,Task,A11y Audit; Affects: Accessibility 🟡; Role: A11Y; Status: Accepted; Type: Research,keep,https://github.com/uswds/uswds/issues/6803
6794,USWDS - Bug: Error states shouldn't rely on color alone to convey meaning,open,bug,Bug,Affects: Accessibility 🟡; Affects: Usability; Needs: Confirmation; Package: Character count; Package: File Input; Package: Text input,Narrow claim not reproduced,https://github.com/uswds/uswds/issues/6794
6779,META: TTS Code of Conduct link update [draft],open,documentation,Task,Affects: Content; Affects: Documentation,keep,https://github.com/uswds/uswds/issues/6779
6717,USWDS - Bug: force-action modal breaks scroll in iOS,open,bug,Bug,Affects: Usability; Context: iOS; Needs: Confirmation; Package: Modal; Role: Dev,Named platform or environment needed,https://github.com/uswds/uswds/issues/6717
6694,USWDS - Bug: A few stories missed in recent enhancement PR,open,bug,Bug,Affects: Testing; Context: JavaScript; Storybook,Reproduced; fix remains open,https://github.com/uswds/uswds/issues/6694
6568,USWDS - Feature: Throw an error if caption element isn't defined in a sortable table,open,enhancement,Enhancement,Affects: Functionality; Context: JavaScript; Needs: Confirmation; Needs: Discussion; Package: Table; Role: Dev; Status: Voting Open 👍; Type: Feature Request,keep,https://github.com/uswds/uswds/issues/6568
6548,Phase 2: Path settings page does not include components variable in documentation,open,documentation,Bug,Affects: Documentation; Affects: Settings; Affects: Website; Help wanted; Needs: Confirmation,keep,https://github.com/uswds/uswds/issues/6548
6545,USWDS - Feature: sort_arrow_ascending and sort_arrow_descending icons,open,enhancement,Enhancement,Needs: Internal Response 🔴; Package: Icons; Package: Table; Type: Feature Request,keep,https://github.com/uswds/uswds/issues/6545
6530,USWDS - Feature: Documentation site - show all states and options for form controls,open,documentation,Enhancement,Affects: Accessibility 🟡; Affects: Documentation; Affects: Website; Comms/Content; Good first issue; Help wanted; Package: Forms; Type: Feature Request,keep,https://github.com/uswds/uswds/issues/6530
6527,USWDS - Feature: [Custom Messaging on CharacterCount Component],open,enhancement,Enhancement,Affects: Language Support; Context: JavaScript; Package: Character count; Type: Feature Request,keep,https://github.com/uswds/uswds/issues/6527
6525,USWDS - Bug: Radio hints are inside form label,open,bug,Bug,Affects: Accessibility 🟡; Affects: Markup 🟡; Context: JAWS; Context: NVDA; Needs: Confirmation; Package: Checkbox/Radio,Named platform or environment needed,https://github.com/uswds/uswds/issues/6525
6523,USWDS - Bug: Step Indicator heading very difficult to understand with VoiceOver,open,bug,Bug,Affects: Accessibility 🟡; Context: VoiceOver (VO); Needs: Confirmation; Package: Step Indicator,Named platform or environment needed,https://github.com/uswds/uswds/issues/6523
6516,USWDS - ADR: Prefer intrinsic layouts and container queries to page level media queries for responsive design,open,documentation,Task,Affects: Documentation; Context: Sass; Needs: Refinement,keep,https://github.com/uswds/uswds/issues/6516
6515,USWDS - ADR: Use CSS grid rather than flexbox for layout,open,maintenance,Task,Needs: Refinement,keep,https://github.com/uswds/uswds/issues/6515
6512,USWDS - ADR: Draft ADRs for key changes,open,maintenance,Task,Needs: Refinement,keep,https://github.com/uswds/uswds/issues/6512
6505,USWDS - Feature: Checkboxes - Small Clickable Areas - checkboxes too small.,open,enhancement,Enhancement,Affects: Accessibility 🟡; Needs: Confirmation; Needs: Refinement; Package: Checkbox/Radio; Type: Feature Request,Exact fixture needed,https://github.com/uswds/uswds/issues/6505
6501,USWDS - Feature: Include text in ARIA landmark,open,bug,Bug,Affects: Accessibility 🟡; Needs: Confirmation; Package: Banner,Named platform or environment needed,https://github.com/uswds/uswds/issues/6501
6493,USWDS - Bug: The usa-button has a hard-coded margin-right,open,enhancement,Enhancement,Affects: Display; Context: Sass; Needs: Confirmation; Package: Button,keep,https://github.com/uswds/uswds/issues/6493
6485,USWDS - Bug: Replace `aria-describedby` with `aria-labelledby` on the tooltip trigger within the Tooltip component,open,bug,Bug,Affects: Accessibility 🟡; Context: JavaScript; Needs: Discussion; Package: Button; Package: Tooltip,Reproduced; fix remains open,https://github.com/uswds/uswds/issues/6485
6474,USWDS - Bug: Visual Focus Indicator Disappears from Target Element After SkipNav Activation,open,bug,Bug,Affects: Accessibility 🟡; Context: JavaScript; Package: Skipnav,Reproduced; fix remains open,https://github.com/uswds/uswds/issues/6474
6470,USWDS - `usa-banner`: write unit tests for web component banner variant,open,maintenance,Task,Affects: Testing; Context: JavaScript; Package: Banner,keep,https://github.com/uswds/uswds/issues/6470
6465,USWDS - Range Slider Visual Refinements,open,maintenance,Task,Affects: Accessibility 🟡; Affects: Visual Design; Context: Sass; Package: Range Slider,keep,https://github.com/uswds/uswds/issues/6465
6464,"USWDS - Bug: ""Here's how you know"" link reported as too small for accessibility concerns",open,bug,Bug,Affects: Accessibility 🟡; Affects: Usability; Package: Banner,Reproduced; fix remains open,https://github.com/uswds/uswds/issues/6464
6459,USWDS - Bug: Screen reader linear navigation focus is not visible on checkbox controls,open,bug,Bug,Affects: Accessibility 🟡; Context: Chrome; Context: NVDA; Package: Checkbox/Radio,Named platform or environment needed,https://github.com/uswds/uswds/issues/6459
6451,USWDS - Feature: Pagination accessibility tests,open,documentation,Enhancement,Affects: Accessibility 🟡; Affects: Documentation; Affects: Guidance; Affects: Testing; Package: Pagination; Type: Feature Request,keep,https://github.com/uswds/uswds/issues/6451
6449,USWDS - Bug: Clicking Date Picker calendar button to close calendar doesn't work,open,bug,Bug,Affects: Accessibility 🟡; Context: JavaScript; Context: iOS; Package: Date Picker; Package: Date Range Picker,Named platform or environment needed,https://github.com/uswds/uswds/issues/6449
6446,Remove alumni from automations,open,maintenance,Task,Affects: Automation; Affects: Security; Affects: Settings; Is: Internal; Needs: Internal Response 🔴,keep,https://github.com/uswds/uswds/issues/6446
6445,Add changelog items for recent updates,open,documentation,Task,Affects: Content; Affects: Documentation,keep,https://github.com/uswds/uswds/issues/6445
6428,USWDS - Bug: Input mask hint text needs clarity,open,documentation,Bug,Affects: Accessibility 🟡; Affects: Content; Affects: Documentation; Affects: Guidance; Package: Input mask; VPAT,keep,https://github.com/uswds/uswds/issues/6428
6426,USWDS - Feature: Dynamic tooltip changes,open,bug,Bug,Affects: Accessibility 🟡; Affects: Display; Context: JavaScript; Package: Tooltip,Reproduced; fix remains open,https://github.com/uswds/uswds/issues/6426
6424,USWDS - Bug: Combo Box clear input button focus outline does not match assigned value,open,bug,Bug,Affects: Accessibility 🟡; Affects: Visual Design; Context: Sass; Package: Combo Box,Fix proposed: [#6944](https://github.com/uswds/uswds/pull/6944),https://github.com/uswds/uswds/issues/6424
6415,USWDS - [Enhancement] Unit Tests: Update build.spec.js to build entire dist package,open,maintenance,Task,Affects: Build; Affects: Testing; Context: JavaScript,keep,https://github.com/uswds/uswds/issues/6415
6414,USWDS - Sass: Distributed sass does not appropriately point to `packages` when downloaded directly,open,bug,Bug,Affects: Build; Affects: Compiling; Context: Sass,Reproduced; fix remains open,https://github.com/uswds/uswds/issues/6414
6412,USWDS - Bug: custom breakpoints override theme breakpoints unintentionally,open,bug,Bug,Affects: Settings; Context: Sass; Package: Layout Grid; Package: Utilities,Reproduced; fix remains open,https://github.com/uswds/uswds/issues/6412
6410,Landscape Analysis: Modal Contrast,open,research,Task,A11Y Audit Findings; A11y Audit; Affects: Accessibility 🟡; Package: Modal; Type: Research,keep,https://github.com/uswds/uswds/issues/6410
6407,USWDS - Feature: Create prototype for using dialog element in USWDS alert,open,research,Task,Affects: Accessibility 🟡; Package: Alert; Type: Research,keep,https://github.com/uswds/uswds/issues/6407
6401,Review/Rework section of Maturity Model page content with PDF,open,documentation,Task,Affects: Accessibility 🟡; Affects: Content; Affects: Documentation; Affects: Website,keep,https://github.com/uswds/uswds/issues/6401
6396,Draft language for new pages,open,documentation,Task,Affects: Content; Affects: Documentation; Comms/Content; Needs: Refinement,keep,https://github.com/uswds/uswds/issues/6396
6395,Create language on new products for priority pages,open,documentation,Task,Affects: Content; Affects: Documentation; Comms/Content; Needs: Refinement,keep,https://github.com/uswds/uswds/issues/6395
6386,USWDS - Bug: Character Count component does not clean up its status messages when `.off()` is called,open,bug,Bug,Context: JavaScript; Needs: Confirmation; Package: Character count,Partial reproduction,https://github.com/uswds/uswds/issues/6386
6381,USWDS - Feature: Raise precedence of indeterminate checkbox styling when checked=true,open,bug,Bug,Affects: Display; Context: Sass; Package: Checkbox/Radio,Fix proposed: [#6945](https://github.com/uswds/uswds/pull/6945),https://github.com/uswds/uswds/issues/6381
6374,Button - second a11y audit,open,research,Task,A11y Audit; Affects: Accessibility 🟡; Affects: Testing; Package: Button; Q2 A11y; Type: Research,keep,https://github.com/uswds/uswds/issues/6374
6373,USWDS - Feature: Correct the U.S. Flag Icon to Meet Official Standards,open,enhancement,Enhancement,Affects: Visual Design; Package: Banner; Package: Icons; Q2 2025; Type: Feature Request,keep,https://github.com/uswds/uswds/issues/6373
6372,USWDS - Bug: usa-tooltip class breaks radio buttons,open,bug,Bug,Affects: Display; Affects: Usability; Context: JavaScript; Package: Checkbox/Radio; Package: Tooltip,Reproduced; fix remains open,https://github.com/uswds/uswds/issues/6372
6366,"Accessibility audits of ""element"" components",open,research,Task,A11y Audit; Affects: Accessibility 🟡; Affects: Testing; Needs: Refinement; Q2 A11y; Type: Research,keep,https://github.com/uswds/uswds/issues/6366
6365,"Accessibility audits of ""atom"" components",open,research,Task,A11y Audit; Affects: Accessibility 🟡; Needs: Refinement; Q2 A11y; Type: Research,keep,https://github.com/uswds/uswds/issues/6365
6364,Accessibility audits of Core/FWS components,open,research,Task,A11y Audit; Affects: Accessibility 🟡; Needs: Refinement; Q2 A11y; Type: Research,keep,https://github.com/uswds/uswds/issues/6364
6363,📍 Accessibility Checklist: Second Round of Audits,open,research,Task,A11y Audit; Affects: Accessibility 🟡; Affects: Testing; Needs: Refinement; Q2 A11y; Type: Research,keep,https://github.com/uswds/uswds/issues/6363
6347,Identify KPIs for plan,closed,maintenance,Task,Comms/Content,Closed: superseded,https://github.com/uswds/uswds/issues/6347
6346,Brand templates,closed,documentation,Task,Affects: Content; Affects: Documentation; Comms/Content; Needs: Refinement,Closed: superseded,https://github.com/uswds/uswds/issues/6346
6345,Brand guidelines,closed,maintenance,Task,Comms/Content; Needs: Refinement,Closed: superseded,https://github.com/uswds/uswds/issues/6345
6344,Wiki strategy,closed,documentation,Task,Affects: Content; Affects: Documentation; Comms/Content,Closed: superseded,https://github.com/uswds/uswds/issues/6344
6343,"COPs (content strategy, digital.gov)",closed,maintenance,Task,Comms/Content; Needs: Refinement,Closed: superseded,https://github.com/uswds/uswds/issues/6343
6342,Slack calendar,closed,maintenance,Task,Comms/Content; Needs: Refinement,Closed: superseded,https://github.com/uswds/uswds/issues/6342
6341,Newsletter calendar & strategy,closed,maintenance,Task,Affects: Content; Comms/Content,Closed: superseded,https://github.com/uswds/uswds/issues/6341
6340,Github calendar & strategy,closed,maintenance,Task,Comms/Content; Needs: Refinement,Closed: superseded,https://github.com/uswds/uswds/issues/6340
6339,Outreach channel calendar & strategy,closed,maintenance,Task,Comms/Content; Needs: Refinement,Closed: superseded,https://github.com/uswds/uswds/issues/6339
6337,Create QA process for site content,closed,documentation,Task,Affects: Content; Affects: Documentation; Affects: Website; Comms/Content,Closed: superseded,https://github.com/uswds/uswds/issues/6337
6336,"Create ""What’s New” site governance",open,documentation,Task,Affects: Content; Affects: Documentation; Affects: Website; Comms/Content,keep,https://github.com/uswds/uswds/issues/6336
6334,Product Launch: Create and refine tactics and timeline,closed,maintenance,Task,Comms/Content; Needs: Refinement,Closed: superseded,https://github.com/uswds/uswds/issues/6334
6333,Product Launch: Create and refine messaging,closed,documentation,Task,Affects: Content; Affects: Documentation; Comms/Content,Closed: superseded,https://github.com/uswds/uswds/issues/6333
6329,USWDS - Bug: Event handler unable to set date field value,open,bug,Bug,Context: JavaScript; Package: Date Picker; Potential duplicate,Reproduced; fix remains open,https://github.com/uswds/uswds/issues/6329
6327,Add Jan '25 Q&A to discussions,open,documentation,Task,Affects: Content; Affects: Documentation; Comms/Content,keep,https://github.com/uswds/uswds/issues/6327
6317,USWDS - Feature: Character count should accept a custom error message,open,enhancement,Enhancement,Affects: Functionality; Affects: Language Support; Context: JavaScript; Package: Character count; Type: Feature Request,keep,https://github.com/uswds/uswds/issues/6317
6315,USWDS - Bug: Time picker ignores hint text,open,bug,Bug,Affects: Accessibility 🟡; Complete before freeze; Context: JavaScript; Package: Combo Box; Package: Time Picker; Severity: 2,Reproduced; fix remains open,https://github.com/uswds/uswds/issues/6315
6314,USWDS - Input mask: Improve copy/paste functionality,open,bug,Bug,Affects: Accessibility 🟡; Affects: Functionality; Context: JavaScript; Package: Input mask,Partial reproduction,https://github.com/uswds/uswds/issues/6314
6310,USWDS: Utils improvements after removing `resolve-id-refs`,open,enhancement,Enhancement,Affects: Testing; Context: JavaScript,keep,https://github.com/uswds/uswds/issues/6310
6301,"USWDS - Bug: Remove ""navigation"" text from aria labels for navigation roles",open,bug,Bug,Affects: Accessibility 🟡; Affects: Content; Affects: Markup 🟡; Package: Footer; Package: Header Nav; Package: Sidenav; Role: A11Y,Fix proposed: [#6946](https://github.com/uswds/uswds/pull/6946),https://github.com/uswds/uswds/issues/6301
6300,"Look into how well aria-haspopup=""dialog"" works with modals",open,research,Task,Affects: Accessibility 🟡; Context: JavaScript; Package: Modal; Type: Research,keep,https://github.com/uswds/uswds/issues/6300
6294,USWDS - Unit Tests: Build and Include unit tests are not being ran.,open,bug,Bug,Affects: Build; Affects: Testing; Complete before freeze; Context: JavaScript; Context: Sass; Type: Spike,Reproduced; fix remains open,https://github.com/uswds/uswds/issues/6294
6277,USWDS - Define empty placeholder link references,open,documentation,Task,Affects: Documentation; Package: Authentication Templates; Package: Documentation template,keep,https://github.com/uswds/uswds/issues/6277
6275,Create and add December MC Q&A to discussions,open,documentation,Task,Affects: Content; Affects: Documentation; Comms/Content,keep,https://github.com/uswds/uswds/issues/6275
6261,The USWDS Should Apply as a Digital Public Good,open,enhancement,Enhancement,Help wanted; Needs: Author Response 🔴,keep,https://github.com/uswds/uswds/issues/6261
6260,USWDS - Bug: skipnav text overlays content at high zoom levels,open,bug,Bug,Affects: Accessibility 🟡; Affects: Display; Context: Chrome; Context: Sass; Package: Skipnav,Reproduced in simulation,https://github.com/uswds/uswds/issues/6260
6259,USWDS - Feature: Add dash-underlined text with tooltip to display definitions,open,enhancement,Enhancement,Affects: Plain Language; Needs: Refinement; Package: Tooltip; Type: Feature Request,keep,https://github.com/uswds/uswds/issues/6259
6258,USWDS - Bug: dark background link color overrides link button color,open,bug,Bug,Affects: Accessibility 🟡; Affects: Visual Design; Context: Sass; Package: Button; Package: Link,Reproduced; fix remains open,https://github.com/uswds/uswds/issues/6258
6247,Creating common criteria sheet in CC checklist,open,documentation,Task,A11Y Audit Findings; Added during Sprint; Affects: Accessibility 🟡; Affects: Documentation; Affects: Testing,keep,https://github.com/uswds/uswds/issues/6247
6241,USWDS - Date picker: Improve hint text,open,documentation,Task,Affects: Accessibility 🟡; Affects: Content; Affects: Documentation; Affects: Guidance; Needs: Research; Package: Date Picker,keep,https://github.com/uswds/uswds/issues/6241
6240,USWDS - Form inputs: Add error stories to all relevant form components,open,documentation,Task,Affects: Documentation; Affects: Testing; Package: Forms; Storybook,keep,https://github.com/uswds/uswds/issues/6240
6238,USWDS - Bug: Mobile link color in Big footer on Safari,open,bug,Bug,Affects: Visual Design; Context: Sass; Needs: Confirmation; Package: Footer,Named platform or environment needed,https://github.com/uswds/uswds/issues/6238
6231,USWDS - Feature: Tooltip content should appear outside of parent container,open,enhancement,Enhancement,Affects: Display; Package: Tooltip; Type: Feature Request,Reproduced; fix remains open,https://github.com/uswds/uswds/issues/6231
6206,USWDS - Feature: File input support for translated strings,open,enhancement,Enhancement,Affects: Language Support; Context: JavaScript; Package: File Input; Type: Feature Request,keep,https://github.com/uswds/uswds/issues/6206
6193,USWDS - Enhancement: Combo Box list HTML is rebuilt every time the list is displayed,open,research,Task,Affects: Performance; Context: JavaScript; Needs: Refinement; Package: Combo Box; Type: Research; Type: Spike,keep,https://github.com/uswds/uswds/issues/6193
6184,USWDS - Icons: Run SVGO before building sprite,open,enhancement,Enhancement,Affects: Build; Affects: Performance; Context: JavaScript; Package: Icons,keep,https://github.com/uswds/uswds/issues/6184
6178,USWDS - Component lifecycle: Be explicit about role of community in proposal discussion process,open,documentation,Task,Affects: Documentation; Affects: Guidance; Comms/Content; Needs: Discussion; Needs: Internal Response 🔴; P1: high priority,keep,https://github.com/uswds/uswds/issues/6178
6176,USWDS - Bug: `$nav-link-color` hard-coded to `base-dark`,open,bug,Bug,Affects: Settings; Context: Sass; Package: Header,Reproduced; fix remains open,https://github.com/uswds/uswds/issues/6176
6163,USWDS - Enhancement: Run SVGO on USWDS icons,open,maintenance,Task,Affects: Automation; Affects: Build; Affects: Performance; Package: Icons,keep,https://github.com/uswds/uswds/issues/6163
6155,Deprecate Validation component,open,maintenance,Task,Affects: Documentation; Deprecation; Package: Validation,keep,https://github.com/uswds/uswds/issues/6155
6154,"Legibility is difficult for light text on dark background for multiple language selector, particularly for Arabic",open,research,Task,Affects: Language Support; Affects: Usability; Needs: Research; Package: Language selector; Type: Research; Usability Testing,keep,https://github.com/uswds/uswds/issues/6154
6151,USWDS - UX: Verbose Time Picker instructions for clearing content,open,enhancement,Enhancement,Affects: Accessibility 🟡; Affects: Content; Affects: Usability; Package: Time Picker,keep,https://github.com/uswds/uswds/issues/6151
6150,Verbose Time Picker instructions: conduct usability research,open,research,Task,Needs: Research; Role: Research; Type: Research,keep,https://github.com/uswds/uswds/issues/6150
6142,Software development lifecycle: Prototype a lifecycle,open,maintenance,Task,Needs: Refinement,keep,https://github.com/uswds/uswds/issues/6142
6140,Component Lifecycle: Tabs component,open,research,Task,Needs: Refinement; Type: Research,keep,https://github.com/uswds/uswds/issues/6140
6114,USWDS - Feature: Screen reader users lack context for breadcrumb links ,open,research,Task,Affects: Accessibility 🟡; Needs: Research; Package: Breadcrumb; Q2 research; Type: Research; Type: Spike,keep,https://github.com/uswds/uswds/issues/6114
6110,USWDS - Bug: Date Picker appears to remove Angular event listeners,open,bug,Bug,Affects: Functionality; Context: JavaScript; Package: Combo Box; Package: Date Picker,Partial reproduction,https://github.com/uswds/uswds/issues/6110
6104,USWDS - Feature: Prepare repo for the next major version of Sass,open,maintenance,Task,Affects: Compiling; Affects: Dependencies; Context: JavaScript; Context: Sass; Role: Dev,keep,https://github.com/uswds/uswds/issues/6104
6091,USWDS - Bug: Unstyled buttons do not appear to meet minimum touch target requirements,open,bug,Bug,Affects: Accessibility 🟡; Affects: Usability; Package: Button,Reproduced; fix remains open,https://github.com/uswds/uswds/issues/6091
6089,Transition data visualization into a pattern,open,documentation,Enhancement,Affects: Content; Affects: Documentation; Affects: Guidance; Affects: Website; Package: Data Visualization,keep,https://github.com/uswds/uswds/issues/6089
6080,USWDS - Bug: Radio buttons do not display HTML form validation,open,bug,Bug,Affects: Accessibility 🟡; Context: Sass; Package: Checkbox/Radio; Package: Forms; Severity: 2,Reproduced; fix remains open,https://github.com/uswds/uswds/issues/6080
6078,USWDS - Feature: Create interactive tag option,open,enhancement,Enhancement,Affects: Accessibility 🟡; Package: Tag; Status: Voting Open 👍; Type: Feature Request,keep,https://github.com/uswds/uswds/issues/6078
6075,USWDS - Bug: Language selector may be confusing to some users,open,bug,Bug,A11Y Audit Findings; A11Y Audit: Passes with exceptions; A11y Audit; Affects: Accessibility 🟡; Affects: Usability; Needs: Confirmation; Package: Language selector,Partial reproduction,https://github.com/uswds/uswds/issues/6075
6072,USWDS - Bug: Date Picker calendar visual issues on iOS,open,bug,Bug,Affects: Display; Context: iOS; Needs: Confirmation; Package: Date Picker,Named platform or environment needed,https://github.com/uswds/uswds/issues/6072
6069,USWDS - Bug: Date picker year button overlapping with days below,open,bug,Bug,Affects: Accessibility 🟡; Affects: Display; Complete before freeze; Context: Sass; Package: Date Picker; Q2 2025,Reproduced; fix remains open,https://github.com/uswds/uswds/issues/6069
6068,USWDS - Bug: Checkboxes and Radio Controls do not support Voice Control,open,bug,Bug,Affects: Accessibility 🟡; Complete before freeze; Context: Sass; From: VA; Package: Checkbox/Radio,Named platform or environment needed,https://github.com/uswds/uswds/issues/6068
6065,USWDS - Bug: Button group back button reading as a link to screen reader,open,documentation,Task,A11Y Audit Findings; A11Y Audit: Fails; A11y Audit; Affects: Accessibility 🟡; Affects: Documentation; Affects: Guidance; Package: Button; Package: Link; Status: Not a Bug,keep,https://github.com/uswds/uswds/issues/6065
6056,USWDS - Bug: Focus trap treats hidden inputs as focusable,open,bug,Bug,Affects: Accessibility 🟡; Context: JavaScript; From: GSA; Package: Modal,Reproduced; fix remains open,https://github.com/uswds/uswds/issues/6056
6055,USWDS - Enhancement: Add clarity to combo box instructions,open,documentation,Enhancement,A11Y Audit Findings; Affects: Accessibility 🟡; Affects: Content; Affects: Documentation; Affects: Guidance; Package: Combo Box,keep,https://github.com/uswds/uswds/issues/6055
6054,USWDS - Breadcrumb: Enhance breadcrumb and make current page keyboard focusable,open,research,Bug,A11Y Audit Findings; A11Y Audit: Passes with exceptions; A11y Audit; Affects: Accessibility 🟡; Affects: Usability; Needs: Research; Package: Breadcrumb; Q2 research; Role: Research; Type: Research,keep,https://github.com/uswds/uswds/issues/6054
6034,USWDS Combobox - Feature: Pre-populate options list on page load,open,enhancement,Enhancement,Affects: Performance; Context: JavaScript; Needs: Discussion; Package: Combo Box; Type: Feature Request,keep,https://github.com/uswds/uswds/issues/6034
6015,USWDS - Enhancement: Screen readers not announcing ellipses aria-label,open,research,Task,Affects: Accessibility 🟡; Needs: Research; Package: Pagination; Type: Research,keep,https://github.com/uswds/uswds/issues/6015
5993,USWDS - Bug: Consider using the <dialog> element for the Alert component,open,research,Bug,Affects: Accessibility 🟡; Needs: Confirmation; Needs: Discussion; Package: Alert; Type: Research,keep,https://github.com/uswds/uswds/issues/5993
5989,Accessibility audit of complex form guidance,open,research,Task,A11y Audit; Affects: Accessibility 🟡; Affects: Documentation; Affects: Guidance; Type: Research,keep,https://github.com/uswds/uswds/issues/5989
5981,USWDS - Bug: The Pagination buttons cut off at high zoom,open,bug,Bug,Added during Sprint; Affects: Accessibility 🟡; Affects: Display; Context: Sass; From: VA; Package: Pagination; Severity: 2,Reproduced; fix remains open,https://github.com/uswds/uswds/issues/5981
5980,USWDS - Sass 2.0.0: Mixed declarations deprecation,open,maintenance,Task,Affects: Compiling; Affects: Dependencies; Context: Sass; Needs: Refinement,keep,https://github.com/uswds/uswds/issues/5980
5976,USWDS - Bug: Footer Identifier on Safari ,open,bug,Bug,Affects: Accessibility 🟡; Affects: Display; Context: Sass; Needs: Confirmation,Named platform or environment needed,https://github.com/uswds/uswds/issues/5976
5945,"USWDS-Site - Feature: Add a ""month"" text input variation option",open,enhancement,Enhancement,Affects: Accessibility 🟡; Affects: Usability; From: VA; Needs: Refinement; Package: Memorable date; Type: Feature Request,keep,https://github.com/uswds/uswds/issues/5945
5942,USWDS - Link: Update placement and allow for opt out,open,research,Task,Affects: Accessibility 🟡; Context: Sass; Package: Link; Type: Research; Type: Spike,keep,https://github.com/uswds/uswds/issues/5942
5936,USWDS - Combobox: Input loses `usa-input--error` on initialization,open,bug,Bug,Affects: Display; Affects: Functionality; Context: JavaScript; Needs: Refinement; Package: Combo Box; Role: Dev,Fix proposed: [#6942](https://github.com/uswds/uswds/pull/6942) (partial scope),https://github.com/uswds/uswds/issues/5936
5934,USWDS - Bug: Aspect utilities are always output even when excluded from settings,open,bug,Bug,Affects: Compiling; Affects: Settings; Context: Sass; Package: Utilities,Reproduced; fix remains open,https://github.com/uswds/uswds/issues/5934
5931,USWDS - Bug: documentation site missing content and busted,open,documentation,Bug,Affects: Build; Affects: Documentation; Affects: Website,Failure path reproduced by injection,https://github.com/uswds/uswds/issues/5931
5913,USWDS - Bug: $theme-table-header-text-color throws error,open,bug,Bug,Affects: Compiling; Affects: Settings; Context: Sass; Package: Table,Reproduced; fix remains open,https://github.com/uswds/uswds/issues/5913
5905,USWDS - Combobox & Timepicker: Verbose and unclear screen reader announcements make selecting and clearing a time difficult for some users,open,bug,Bug,Affects: Accessibility 🟡; Affects: Usability; Needs: Research; Package: Combo Box; Package: Time Picker; Role: Dev; Type: Spike; Usability Testing,Partial reproduction,https://github.com/uswds/uswds/issues/5905
5891,"USWDS - Enhancement: Tooltip needs to announce ""tooltip"" for context",open,enhancement,Enhancement,A11Y Audit Findings; A11y Audit; Affects: Accessibility 🟡; Needs: Research; Package: Tooltip; Status: Not a Bug; Type: Feature Request,keep,https://github.com/uswds/uswds/issues/5891
5888,USWDS - Feature: clarify browser support,open,documentation,Enhancement,Affects: Documentation; Affects: Guidance; Needs: Discussion; Type: Feature Request,keep,https://github.com/uswds/uswds/issues/5888
5883,USWDS - Bug: buttons in a button group in a form display issue,open,bug,Bug,Affects: Display; Context: Sass; Package: Button; Package: Forms,Reproduced; fix remains open,https://github.com/uswds/uswds/issues/5883
5873,USWDS - Bug: Character count doesn't provide persistent character limit instructions ,open,bug,Bug,A11y Audit; Affects: Accessibility 🟡; Affects: Usability; Needs: Confirmation; Package: Character count,Partial reproduction,https://github.com/uswds/uswds/issues/5873
5861,USWDS - Feature: Discover solution for reducing false positives on SiteImprove color contrast warnings on Accordion,open,research,Task,Affects: Accessibility 🟡; Package: Accordion; Type: Research; Type: Spike,keep,https://github.com/uswds/uswds/issues/5861
5858,USWDS - Bug: Form validation does not work within modal,open,bug,Bug,Affects: Functionality; Context: JavaScript; Needs: Refinement; Package: Forms; Package: Modal; Package: Validation,Reproduced; fix remains open,https://github.com/uswds/uswds/issues/5858
5850,USWDS - Feature: Support Sass pkg NodePackageImporter entrypoints,open,enhancement,Enhancement,Affects: Compiling; Context: Sass; Type: Feature Request; Type: Spike,keep,https://github.com/uswds/uswds/issues/5850
5834,USWDS - Bug: Search input uses non-standard clear button that is not available in Firefox,open,bug,Bug,Affects: Accessibility 🟡; Needs: Research; Package: Search,Partial reproduction,https://github.com/uswds/uswds/issues/5834
5830,USWDS - Bug: Focus trap doesn't consider elements after initialization,open,bug,Bug,Affects: Accessibility 🟡; Context: JavaScript; Package: Modal,Reproduced; fix remains open,https://github.com/uswds/uswds/issues/5830
5828,USWDS - Table: Scrollable tables are not fully accessible with screen readers,open,bug,Bug,A11Y Audit Findings; A11Y Audit: Passes with exceptions; A11y Audit; Affects: Accessibility 🟡; Context: JAWS; Context: NVDA; Needs: Confirmation; Needs: Research; Package: Table,Named platform or environment needed,https://github.com/uswds/uswds/issues/5828
5827,USWDS - Bug: Input mask's text cursor jumps to end on edit,open,bug,Bug,Affects: Usability; Context: JavaScript; Package: Input mask,Reproduced; fix remains open,https://github.com/uswds/uswds/issues/5827
5817,USWDS - Feature: Improve accordion flash of content while JavaScript loads,open,enhancement,Enhancement,Affects: Display; Context: Sass; Package: Accordion; Type: Feature Request,keep,https://github.com/uswds/uswds/issues/5817
5816,USWDS - Bug: Table default caption not normalized,closed,bug,Bug,Context: Sass; From: VA; Package: Table; Package: Typography,Closed: fixed,https://github.com/uswds/uswds/issues/5816
5813,USWDS - Feature: Increase Tap target size on button.,open,enhancement,Enhancement,Affects: Accessibility 🟡; Affects: Documentation; Affects: Guidance; Context: Sass; From: VA; Package: Button; Role: Dev; Role: UX; Type: Feature Request,keep,https://github.com/uswds/uswds/issues/5813
5787,USWDS - Bug: Mobile software keyboard not dismissed after selecting option in Time picker and Combo box component,open,bug,Bug,Affects: Usability; Context: JavaScript; Context: iOS; Needs: Confirmation; Needs: Refinement; Package: Combo Box; Package: Time Picker,Named platform or environment needed,https://github.com/uswds/uswds/issues/5787
5757,USWDS - Bug: Banner may fail 508 testing,open,enhancement,Enhancement,Affects: Accessibility 🟡; Affects: Usability; From: VA; Is: Breaking 🔴; Needs: Discussion; Needs: Research; Package: Banner; Possible future enhancement; Status: Not a Bug,keep,https://github.com/uswds/uswds/issues/5757
5755,USWDS - Bug: shadow function is missing,open,bug,Bug,Affects: Compiling; Affects: Documentation; Affects: Guidance; Context: Sass; Package: Tokens,Fix proposed: [#6943](https://github.com/uswds/uswds/pull/6943),https://github.com/uswds/uswds/issues/5755
5748,USWDS - Bug: Uncaught TypeError: placeholder is undefined,open,bug,Bug,Affects: Functionality; Context: JavaScript; Needs: Confirmation; Package: Input mask,Related failure reproduced,https://github.com/uswds/uswds/issues/5748
5732,Component lifecycle: Define the software development lifecycle,open,maintenance,Task,Affects: Documentation; Affects: Testing,keep,https://github.com/uswds/uswds/issues/5732
5709,Disabled States: Phase 2,open,documentation,Task,Affects: Accessibility 🟡; Affects: Documentation; Affects: Guidance,keep,https://github.com/uswds/uswds/issues/5709
5691,USWDS - Bug: Date Picker and Date Range Picker not being reset,open,bug,Bug,Context: JavaScript; Package: Date Picker; Package: Date Range Picker,Reproduced; fix remains open,https://github.com/uswds/uswds/issues/5691
5659,USWDS - Bug: set-link-from-bg mixin does not set active state,open,research,Bug,Affects: Visual Design; Context: Sass; Help wanted; Needs: Research; Package: Link; Role: A11Y; Role: UX; Type: Research,keep,https://github.com/uswds/uswds/issues/5659
5646,USWDS - Bug: Secondary nav tab order does not follow visual order on desktop,open,bug,Bug,Affects: Accessibility 🟡; Affects: Markup 🟡; Package: Header,Reproduced; fix remains open,https://github.com/uswds/uswds/issues/5646
5641,USWDS - Enhancement: Choosing a date in the calendar on mobile opens keyboard unnecessarily ,open,enhancement,Enhancement,Affects: Usability; Context: Android; Context: JavaScript; Package: Date Picker; Possible future enhancement; Status: Not a Bug,keep,https://github.com/uswds/uswds/issues/5641
5612,USWDS - Feature: Add a sticky variant for header navigation ,open,enhancement,Enhancement,Needs: Research; Package: Header; Package: Header Nav; Status: Voting Open 👍; Type: Feature Request,keep,https://github.com/uswds/uswds/issues/5612
5539,USWDS should not use <abbr> tag as an accessibility pattern with form templates,open,research,Task,Affects: Accessibility 🟡; Affects: Documentation; Needs: Confirmation; Needs: Research; Package: Forms; Role: A11Y; Role: Dev; Type: Research; Type: Spike,keep,https://github.com/uswds/uswds/issues/5539
5529,USWDS - Usability Testing: File input findings,open,research,Task,Affects: Accessibility 🟡; Needs: Discussion; Needs: Refinement; Package: File Input; Role: A11Y; Role: Dev; Type: Research; Usability Testing,keep,https://github.com/uswds/uswds/issues/5529
5527,USWDS - Usability Testing: Links styled as buttons findings,open,research,Task,Affects: Accessibility 🟡; Affects: Documentation; Needs: Discussion; Package: Button; Package: Link; Role: A11Y; Role: Dev; Type: Research; Usability Testing,keep,https://github.com/uswds/uswds/issues/5527
5503,USWDS - Bug: Improve touch gestures in date picker,open,bug,Bug,Affects: Accessibility 🟡; Context: VoiceOver (VO); Context: iOS; Package: Date Picker,Named platform or environment needed,https://github.com/uswds/uswds/issues/5503
5485,Refactor Input Mask: Add unit tests,open,maintenance,Task,Affects: Testing; Context: JavaScript; Package: Input mask,keep,https://github.com/uswds/uswds/issues/5485
5484,Refactor Input Mask: Add JSDocs comments,open,documentation,Task,Affects: Documentation; Package: Input mask,keep,https://github.com/uswds/uswds/issues/5484
5482,USWDS - Input mask: Notify users when `maxlength` has been reached,open,enhancement,Enhancement,Affects: Accessibility 🟡; Complete before freeze; Context: JavaScript; Package: Input mask; Q2 2025; Type: Feature Request,keep,https://github.com/uswds/uswds/issues/5482
5481,USWDS - Input Mask refactor: Recovering from an error is difficult due to lack of feedback.,open,enhancement,Enhancement,A11Y Audit: Fails; Affects: Accessibility 🟡; Affects: Language Support; Affects: Usability; Complete before freeze; Package: Input mask; Q2 2025; Role: A11Y; VPAT,keep,https://github.com/uswds/uswds/issues/5481
5480,Refactor Input Mask: Simplify mask pattern method,open,enhancement,Enhancement,Context: JavaScript; Package: Input mask; Type: Feature Request,keep,https://github.com/uswds/uswds/issues/5480
5479,Refactor Input Mask: Enable forced casing with attributes,open,enhancement,Enhancement,Context: JavaScript; Package: Input mask; Type: Feature Request,keep,https://github.com/uswds/uswds/issues/5479
5473,Review technical information on maturity model page,open,documentation,Task,Added during Sprint; Affects: Accessibility 🟡; Affects: Content; Affects: Documentation; Affects: Website; Needs: Refinement,keep,https://github.com/uswds/uswds/issues/5473
5463,USWDS - Bug: Breadcrumb hidden content/focus at zoom,open,bug,Bug,Affects: Accessibility 🟡; Affects: Display; Context: Sass; Needs: Discussion; Needs: Research; Package: Breadcrumb; VPAT,Reproduced; fix remains open,https://github.com/uswds/uswds/issues/5463
5442,📌 Refactor the Input Mask component,open,maintenance,Task,Context: JavaScript; Package: Input mask,keep,https://github.com/uswds/uswds/issues/5442
5375,USWDS - Bug: [Clicking sort button on a header on a nested table executes toggleSort twice],open,bug,Bug,Affects: Functionality; Affects: Markup 🟡; Context: JavaScript; Needs: Discussion; Package: Table; Severity: 2,Reproduced; fix remains open,https://github.com/uswds/uswds/issues/5375
5336,USWDS - Feature: CSS logical properties for multilingual support,open,enhancement,Enhancement,Affects: Accessibility 🟡; Affects: Language Support; Context: Sass; Package: Utilities; Possible future enhancement; Status: Voting Open 👍; Type: Feature Request,keep,https://github.com/uswds/uswds/issues/5336
5304,USWDS - File input: Improve file status readout for screen readers,open,research,Task,Affects: Accessibility 🟡; Context: VoiceOver (VO); Package: File Input; Role: A11Y; Role: Dev; Type: Research; Type: Spike,keep,https://github.com/uswds/uswds/issues/5304
5294,USWDS - Bug: Step indicator - 508 issues,open,bug,Bug,Affects: Accessibility 🟡; Affects: Markup 🟡; Context: VoiceOver (VO); Needs: Discussion; Package: Step Indicator; Role: A11Y,Named platform or environment needed,https://github.com/uswds/uswds/issues/5294
5291,"USWDS - Bug: Focus leaps from combo box to Chrome ""Update"" button menu",open,bug,Bug,Affects: Accessibility 🟡; Context: Chrome; Context: JAWS; Needs: Confirmation; Package: Combo Box; Role: A11Y; Status: Blocked 🔴; Status: Can't Reproduce,Named platform or environment needed,https://github.com/uswds/uswds/issues/5291
5277,"USWDS - Feature request: Improve usability of search ""clear"" button and evaluate search input type",open,enhancement,Enhancement,Affects: Usability; Needs: Research; Package: Search; Role: Dev; Role: UX; Status: Voting Open 👍; Type: Feature Request,keep,https://github.com/uswds/uswds/issues/5277
5275,USWDS - Feature: Support responsive images in Hero,open,enhancement,Enhancement,Affects: Performance; Affects: Settings; Needs: Discussion; Package: Hero; Role: Dev; Status: not planned; Type: Feature Request; reconsider later,keep,https://github.com/uswds/uswds/issues/5275
5270,USWDS - Future Bug: Banner references deprecated lock icon on Chromium browsers,open,documentation,Task,Affects: Content; Affects: Documentation; Affects: Visual Design; Context: Chrome; Package: Banner; Possible future enhancement,keep,https://github.com/uswds/uswds/issues/5270
5244,USWDS - Input mask: Evaluate hint text,open,documentation,Enhancement,Affects: Accessibility 🟡; Affects: Content; Affects: Documentation; Affects: Guidance; Package: Input mask; Possible future enhancement,keep,https://github.com/uswds/uswds/issues/5244
5217,USWDS - Core: Update comment style for SASS functions,open,documentation,Enhancement,Affects: Build; Affects: Documentation; Context: Sass; Needs: Discussion,keep,https://github.com/uswds/uswds/issues/5217
5194,USWDS - Bug: Banner button appearance is dependent on the order component CSS files are loaded in,open,bug,Bug,Affects: Display; Context: Sass; Package: Accordion; Package: Banner,Fix proposed: [#6947](https://github.com/uswds/uswds/pull/6947),https://github.com/uswds/uswds/issues/5194
4644,Utilizing CSS variables,open,enhancement,Enhancement,Context: Sass; Needs: Refinement; Package: Tokens; Status: Voting Open 👍; Type: Feature Request,keep,https://github.com/uswds/uswds/issues/4644
4504,Add example markup for range limit labels,open,documentation,Task,Affects: Accessibility 🟡; Affects: Documentation; Affects: Guidance; Affects: Website; Needs: Internal Response 🔴; Needs: Research; Package: Range Slider; Role: A11Y; Role: UX,keep,https://github.com/uswds/uswds/issues/4504
3449,Consider media queries for dark-mode favicon,open,enhancement,Enhancement,Affects: Display; Type: Feature Request,keep,https://github.com/uswds/uswds/issues/3449
